width,height,filling_factor,t,u_ib,qmc,E_imp,E_imp_err,E_no_imp,E_no_imp_err,E_p,E_p_err
2,2,1.0,0.02,-2.0,false,-3.1719444520046833,0.0,-0.1059876379434012,0.0,-3.0659568140612823,0.0
2,2,1.0,0.02,-1.9,false,-2.9362758486312717,0.0,-0.1059876379434012,0.0,-2.8302882106878706,0.0
2,2,1.0,0.02,-1.8,false,-2.7181701369333715,0.0,-0.1059876379434012,0.0,-2.6121824989899705,0.0
2,2,1.0,0.02,-1.7,false,-2.509074056583481,0.0,-0.1059876379434012,0.0,-2.40308641864008,0.0
2,2,1.0,0.02,-1.6,false,-2.3045494735304146,0.0,-0.1059876379434012,0.0,-2.1985618355870136,0.0
2,2,1.0,0.02,-1.5,false,-2.102755441176108,0.0,-0.1059876379434012,0.0,-1.9967678032327065,0.0
2,2,1.0,0.02,-1.4,false,-1.9030888604275595,0.0,-0.1059876379434012,0.0,-1.7971012224841583,0.0
2,2,1.0,0.02,-1.3,false,-1.705798712142958,0.0,-0.1059876379434012,0.0,-1.5998110741995568,0.0
2,2,1.0,0.02,-1.2,false,-1.5124633463786186,0.0,-0.1059876379434012,0.0,-1.4064757084352173,0.0
2,2,1.0,0.02,-1.1,false,-1.3283921806527723,0.0,-0.1059876379434012,0.0,-1.222404542709371,0.0
2,2,1.0,0.02,-1.0,false,-1.167216344291303,0.0,-0.1059876379434012,0.0,-1.0612287063479018,0.0
2,2,1.0,0.02,-0.9,false,-1.0366163673927418,0.0,-0.1059876379434012,0.0,-0.9306287294493406,0.0
2,2,1.0,0.02,-0.8,false,-0.9230934167258494,0.0,-0.1059876379434012,0.0,-0.8171057787824483,0.0
2,2,1.0,0.02,-0.7,false,-0.816264964858963,0.0,-0.1059876379434012,0.0,-0.7102773269155619,0.0
2,2,1.0,0.02,-0.6,false,-0.7123296922684265,0.0,-0.1059876379434012,0.0,-0.6063420543250253,0.0
2,2,1.0,0.02,-0.5,false,-0.6098625665384872,0.0,-0.1059876379434012,0.0,-0.5038749285950861,0.0
2,2,1.0,0.02,-0.4,false,-0.5082450990147991,0.0,-0.1059876379434012,0.0,-0.40225746107139787,0.0
2,2,1.0,0.02,-0.3,false,-0.4071747938156444,0.0,-0.1059876379434012,0.0,-0.3011871558722432,0.0
2,2,1.0,0.02,-0.2,false,-0.3064919998512737,0.0,-0.1059876379434012,0.0,-0.20050436190787246,0.0
2,2,1.0,0.02,-0.1,false,-0.20611055292940755,0.0,-0.1059876379434012,0.0,-0.10012291498600635,0.0
2,2,1.0,0.02,0.0,false,-0.1059876379434012,0.0,-0.1059876379434012,0.0,0.0,0.0
2,2,1.0,0.02,0.1,false,-0.00611096000946039,0.0,-0.1059876379434012,0.0,0.09987667793394081,0.0
2,2,1.0,0.02,0.2,false,0.09350450431038655,0.0,-0.1059876379434012,0.0,0.19949214225378775,0.0
2,2,1.0,0.02,0.3,false,0.1928118698902444,0.0,-0.1059876379434012,0.0,0.2987995078336456,0.0
2,2,1.0,0.02,0.4,false,0.2917169965603318,0.0,-0.1059876379434012,0.0,0.397704634503733,0.0
2,2,1.0,0.02,0.5,false,0.39004212032595675,0.0,-0.1059876379434012,0.0,0.49602975826935797,0.0
2,2,1.0,0.02,0.6,false,0.48743818292706115,0.0,-0.1059876379434012,0.0,0.5934258208704624,0.0
2,2,1.0,0.02,0.7,false,0.5831487138747873,0.0,-0.1059876379434012,0.0,0.6891363518181884,0.0
2,2,1.0,0.02,0.8,false,0.6752634064668899,0.0,-0.1059876379434012,0.0,0.781251044410291,0.0
2,2,1.0,0.02,0.9,false,0.7580464458278062,0.0,-0.1059876379434012,0.0,0.8640340837712074,0.0
2,2,1.0,0.02,1.0,false,0.8165200294238999,0.0,-0.1059876379434012,0.0,0.922507667367301,0.0
2,2,1.0,0.02,1.1,false,0.8431738686155951,0.0,-0.1059876379434012,0.0,0.9491615065589962,0.0
2,2,1.0,0.02,1.2,false,0.8540719559966783,0.0,-0.1059876379434012,0.0,0.9600595939400794,0.0
2,2,1.0,0.02,1.3,false,0.8595267944443992,0.0,-0.1059876379434012,0.0,0.9655144323878003,0.0
2,2,1.0,0.02,1.4,false,0.8627914545558338,0.0,-0.1059876379434012,0.0,0.968779092499235,0.0
2,2,1.0,0.02,1.5,false,0.864987688325128,0.0,-0.1059876379434012,0.0,0.9709753262685291,0.0
2,2,1.0,0.02,1.6,false,0.8665836341068024,0.0,-0.1059876379434012,0.0,0.9725712720502036,0.0
2,2,1.0,0.02,1.7,false,0.8678067440638054,0.0,-0.1059876379434012,0.0,0.9737943820072066,0.0
2,2,1.0,0.02,1.8,false,0.8687807538594572,0.0,-0.1059876379434012,0.0,0.9747683918028583,0.0
2,2,1.0,0.02,1.9,false,0.8695789637246598,0.0,-0.1059876379434012,0.0,0.975566601668061,0.0
2,2,1.0,0.02,2.0,false,0.8702477505779788,0.0,-0.1059876379434012,0.0,0.9762353885213799,0.0
2,2,1.0,0.06,-2.0,false,-3.6064607256072567,0.0,-0.48854201570776407,0.0,-3.1179187098994925,0.0
2,2,1.0,0.06,-1.9,false,-3.3733578059317426,0.0,-0.48854201570776407,0.0,-2.8848157902239784,0.0
2,2,1.0,0.06,-1.8,false,-3.1503253560939646,0.0,-0.48854201570776407,0.0,-2.6617833403862003,0.0
2,2,1.0,0.06,-1.7,false,-2.9362573180080704,0.0,-0.48854201570776407,0.0,-2.447715302300306,0.0
2,2,1.0,0.06,-1.6,false,-2.7301774921488597,0.0,-0.48854201570776407,0.0,-2.2416354764410955,0.0
2,2,1.0,0.06,-1.5,false,-2.5314996122436693,0.0,-0.48854201570776407,0.0,-2.042957596535905,0.0
2,2,1.0,0.06,-1.4,false,-2.340137480003881,0.0,-0.48854201570776407,0.0,-1.851595464296117,0.0
2,2,1.0,0.06,-1.3,false,-2.1565124267185456,0.0,-0.48854201570776407,0.0,-1.6679704110107816,0.0
2,2,1.0,0.06,-1.2,false,-1.9814593779088208,0.0,-0.48854201570776407,0.0,-1.4929173622010568,0.0
2,2,1.0,0.06,-1.1,false,-1.8159782153771922,0.0,-0.48854201570776407,0.0,-1.3274361996694282,0.0
2,2,1.0,0.06,-1.0,false,-1.6608099395621636,0.0,-0.48854201570776407,0.0,-1.1722679238543996,0.0
2,2,1.0,0.06,-0.9,false,-1.5159957337933994,0.0,-0.48854201570776407,0.0,-1.0274537180856353,0.0
2,2,1.0,0.06,-0.8,false,-1.3807251460185,0.0,-0.48854201570776407,0.0,-0.8921831303107359,0.0
2,2,1.0,0.06,-0.7,false,-1.2535928168866282,0.0,-0.48854201570776407,0.0,-0.7650508011788641,0.0
2,2,1.0,0.06,-0.6,false,-1.133031176743011,0.0,-0.48854201570776407,0.0,-0.644489161035247,0.0
2,2,1.0,0.06,-0.5,false,-1.017633197095441,0.0,-0.48854201570776407,0.0,-0.5290911813876771,0.0
2,2,1.0,0.06,-0.4,false,-0.9062841230910852,0.0,-0.48854201570776407,0.0,-0.4177421073833211,0.0
2,2,1.0,0.06,-0.3,false,-0.7981664230651786,0.0,-0.48854201570776407,0.0,-0.30962440735741453,0.0
2,2,1.0,0.06,-0.2,false,-0.692715732840577,0.0,-0.48854201570776407,0.0,-0.2041737171328129,0.0
2,2,1.0,0.06,-0.1,false,-0.5895718857229248,0.0,-0.48854201570776407,0.0,-0.10102987001516078,0.0
2,2,1.0,0.06,0.0,false,-0.48854201570776407,0.0,-0.48854201570776407,0.0,0.0,0.0
2,2,1.0,0.06,0.1,false,-0.3895801078507761,0.0,-0.48854201570776407,0.0,0.09896190785698794,0.0
2,2,1.0,0.06,0.2,false,-0.2927835280501798,0.0,-0.48854201570776407,0.0,0.19575848765758425,0.0
2,2,1.0,0.06,0.3,false,-0.1984068860747467,0.0,-0.48854201570776407,0.0,0.29013512963301735,0.0
2,2,1.0,0.06,0.4,false,-0.10689403605333889,0.0,-0.48854201570776407,0.0,0.3816479796544252,0.0
2,2,1.0,0.06,0.5,false,-0.01892728962490598,0.0,-0.48854201570776407,0.0,0.4696147260828581,0.0
2,2,1.0,0.06,0.6,false,0.0645160312219656,0.0,-0.48854201570776407,0.0,0.5530580469297297,0.0
2,2,1.0,0.06,0.7,false,0.142134486098518,0.0,-0.48854201570776407,0.0,0.6306765018062821,0.0
2,2,1.0,0.06,0.8,false,0.2123808113908489,0.0,-0.48854201570776407,0.0,0.700922827098613,0.0
2,2,1.0,0.06,0.9,false,0.2737554696723644,0.0,-0.48854201570776407,0.0,0.7622974853801285,0.0
2,2,1.0,0.06,1.0,false,0.32531574394467777,0.0,-0.48854201570776407,0.0,0.8138577596524419,0.0
2,2,1.0,0.06,1.1,false,0.3671170938316461,0.0,-0.48854201570776407,0.0,0.8556591095394102,0.0
2,2,1.0,0.06,1.2,false,0.4002013944058569,0.0,-0.48854201570776407,0.0,0.8887434101136209,0.0
2,2,1.0,0.06,1.3,false,0.42614384275278183,0.0,-0.48854201570776407,0.0,0.914685858460546,0.0
2,2,1.0,0.06,1.4,false,0.4465512335064591,0.0,-0.48854201570776407,0.0,0.9350932492142232,0.0
2,2,1.0,0.06,1.5,false,0.4627829983228625,0.0,-0.48854201570776407,0.0,0.9513250140306266,0.0
2,2,1.0,0.06,1.6,false,0.4758851064725418,0.0,-0.48854201570776407,0.0,0.9644271221803058,0.0
2,2,1.0,0.06,1.7,false,0.4866279392872838,0.0,-0.48854201570776407,0.0,0.9751699549950479,0.0
2,2,1.0,0.06,1.8,false,0.4955705829680691,0.0,-0.48854201570776407,0.0,0.9841125986758332,0.0
2,2,1.0,0.06,1.9,false,0.5031191890969399,0.0,-0.48854201570776407,0.0,0.991661204804704,0.0
2,2,1.0,0.06,2.0,false,0.5095715249638652,0.0,-0.48854201570776407,0.0,0.9981135406716293,0.0
2,2,1.0,0.1,-2.0,false,-4.132556070656749,0.0,-1.0728524459134698,0.0,-3.059703624743279,0.0
2,2,1.0,0.1,-1.9,false,-3.91161778435085,0.0,-1.0728524459134698,0.0,-2.8387653384373803,0.0
2,2,1.0,0.1,-1.8,false,-3.699321976339577,0.0,-1.0728524459134698,0.0,-2.626469530426107,0.0
2,2,1.0,0.1,-1.7,false,-3.495313984544662,0.0,-1.0728524459134698,0.0,-2.4224615386311923,0.0
2,2,1.0,0.1,-1.6,false,-3.299280718780961,0.0,-1.0728524459134698,0.0,-2.226428272867491,0.0
2,2,1.0,0.1,-1.5,false,-3.110988735325187,0.0,-1.0728524459134698,0.0,-2.038136289411717,0.0
2,2,1.0,0.1,-1.4,false,-2.9302885801786354,0.0,-1.0728524459134698,0.0,-1.8574361342651655,0.0
2,2,1.0,0.1,-1.3,false,-2.757089965571169,0.0,-1.0728524459134698,0.0,-1.684237519657699,0.0
2,2,1.0,0.1,-1.2,false,-2.591317475465089,0.0,-1.0728524459134698,0.0,-1.5184650295516193,0.0
2,2,1.0,0.1,-1.1,false,-2.432859801426378,0.0,-1.0728524459134698,0.0,-1.360007355512908,0.0
2,2,1.0,0.1,-1.0,false,-2.2815269666117506,0.0,-1.0728524459134698,0.0,-1.2086745206982807,0.0
2,2,1.0,0.1,-0.9,false,-2.1370278034629626,0.0,-1.0728524459134698,0.0,-1.0641753575494928,0.0
2,2,1.0,0.1,-0.8,false,-1.9989732720361455,0.0,-1.0728524459134698,0.0,-0.9261208261226757,0.0
2,2,1.0,0.1,-0.7,false,-1.8669023925781587,0.0,-1.0728524459134698,0.0,-0.7940499466646889,0.0
2,2,1.0,0.1,-0.6,false,-1.7403210203391823,0.0,-1.0728524459134698,0.0,-0.6674685744257125,0.0
2,2,1.0,0.1,-0.5,false,-1.618742293707446,0.0,-1.0728524459134698,0.0,-0.5458898477939762,0.0
2,2,1.0,0.1,-0.4,false,-1.501720671448917,0.0,-1.0728524459134698,0.0,-0.42886822553544723,0.0
2,2,1.0,0.1,-0.3,false,-1.3888761659502074,0.0,-1.0728524459134698,0.0,-0.3160237200367375,0.0
2,2,1.0,0.1,-0.2,false,-1.2799091526195199,0.0,-1.0728524459134698,0.0,-0.20705670670605003,0.0
2,2,1.0,0.1,-0.1,false,-1.174608045000785,0.0,-1.0728524459134698,0.0,-0.10175559908731513,0.0
2,2,1.0,0.1,0.0,false,-1.0728524459134698,0.0,-1.0728524459134698,0.0,0.0,0.0
2,2,1.0,0.1,0.1,false,-0.9746137789730338,0.0,-1.0728524459134698,0.0,0.09823866694043604,0.0
2,2,1.0,0.1,0.2,false,-0.8799543942490732,0.0,-1.0728524459134698,0.0,0.19289805166439666,0.0
2,2,1.0,0.1,0.3,false,-0.7890249866345643,0.0,-1.0728524459134698,0.0,0.2838274592789055,0.0
2,2,1.0,0.1,0.4,false,-0.7020589639127567,0.0,-1.0728524459134698,0.0,0.37079348200071316,0.0
2,2,1.0,0.1,0.5,false,-0.6193612688373688,0.0,-1.0728524459134698,0.0,0.4534911770761011,0.0
2,2,1.0,0.1,0.6,false,-0.5412884241506333,0.0,-1.0728524459134698,0.0,0.5315640217628366,0.0
2,2,1.0,0.1,0.7,false,-0.4682169064538837,0.0,-1.0728524459134698,0.0,0.6046355394595861,0.0
2,2,1.0,0.1,0.8,false,-0.40049925005707726,0.0,-1.0728524459134698,0.0,0.6723531958563926,0.0
2,2,1.0,0.1,0.9,false,-0.3384119413090306,0.0,-1.0728524459134698,0.0,0.7344405046044393,0.0
2,2,1.0,0.1,1.0,false,-0.28210496256262435,0.0,-1.0728524459134698,0.0,0.7907474833508454,0.0
2,2,1.0,0.1,1.1,false,-0.2315664392927723,0.0,-1.0728524459134698,0.0,0.8412860066206975,0.0
2,2,1.0,0.1,1.2,false,-0.18661357749386684,0.0,-1.0728524459134698,0.0,0.886238868419603,0.0
2,2,1.0,0.1,1.3,false,-0.146912610874815,0.0,-1.0728524459134698,0.0,0.9259398350386548,0.0
2,2,1.0,0.1,1.4,false,-0.11202032985890686,0.0,-1.0728524459134698,0.0,0.960832116054563,0.0
2,2,1.0,0.1,1.5,false,-0.08143391433661835,0.0,-1.0728524459134698,0.0,0.9914185315768514,0.0
2,2,1.0,0.1,1.6,false,-0.05463661643524404,0.0,-1.0728524459134698,0.0,1.0182158294782258,0.0
2,2,1.0,0.1,1.7,false,-0.031132011098045777,0.0,-1.0728524459134698,0.0,1.041720434815424,0.0
2,2,1.0,0.1,1.8,false,-0.010465132955813784,0.0,-1.0728524459134698,0.0,1.062387312957656,0.0
2,2,1.0,0.1,1.9,false,0.007767560870480772,0.0,-1.0728524459134698,0.0,1.0806200067839506,0.0
2,2,1.0,0.1,2.0,false,0.023916122573232473,0.0,-1.0728524459134698,0.0,1.0967685684867023,0.0
2,3,1.0,0.02,-2.0,false,-3.200105289208528,0.0,-0.10975153868177596,0.0,-3.090353750526752,0.0
2,3,1.0,0.02,-1.9,false,-2.9561909835834594,0.0,-0.10975153868177596,0.0,-2.8464394449016837,0.0
2,3,1.0,0.02,-1.8,false,-2.734871353213458,0.0,-0.10975153868177596,0.0,-2.6251198145316823,0.0
2,3,1.0,0.02,-1.7,false,-2.5246869685799025,0.0,-0.10975153868177596,0.0,-2.4149354298981267,0.0
2,3,1.0,0.02,-1.6,false,-2.319589191097343,0.0,-0.10975153868177596,0.0,-2.209837652415567,0.0
2,3,1.0,0.02,-1.5,false,-2.1172069784562564,0.0,-0.10975153868177596,0.0,-2.0074554397744806,0.0
2,3,1.0,0.02,-1.4,false,-1.9166806178150277,0.0,-0.10975153868177596,0.0,-1.8069290791332517,0.0
2,3,1.0,0.02,-1.3,false,-1.7179555324701854,0.0,-0.10975153868177596,0.0,-1.6082039937884094,0.0
2,3,1.0,0.02,-1.2,false,-1.5219862483773032,0.0,-0.10975153868177596,0.0,-1.4122347096955272,0.0
2,3,1.0,0.02,-1.1,false,-1.3328742101823492,0.0,-0.10975153868177596,0.0,-1.2231226715005732,0.0
2,3,1.0,0.02,-1.0,false,-1.1659373459724882,0.0,-0.10975153868177596,0.0,-1.0561858072907122,0.0
2,3,1.0,0.02,-0.9,false,-1.0354184693069968,0.0,-0.10975153868177596,0.0,-0.9256669306252208,0.0
2,3,1.0,0.02,-0.8,false,-0.9235918282550709,0.0,-0.10975153868177596,0.0,-0.8138402895732949,0.0
2,3,1.0,0.02,-0.7,false,-0.8179540191071509,0.0,-0.10975153868177596,0.0,-0.7082024804253749,0.0
2,3,1.0,0.02,-0.6,false,-0.7147808263466763,0.0,-0.10975153868177596,0.0,-0.6050292876649003,0.0
2,3,1.0,0.02,-0.5,false,-0.6128138472718954,0.0,-0.10975153868177596,0.0,-0.5030623085901194,0.0
2,3,1.0,0.02,-0.4,false,-0.5115320944090578,0.0,-0.10975153868177596,0.0,-0.40178055572728183,0.0
2,3,1.0,0.02,-0.3,false,-0.4106868618677314,0.0,-0.10975153868177596,0.0,-0.30093532318595545,0.0
2,3,1.0,0.02,-0.2,false,-0.3101486914645241,0.0,-0.10975153868177596,0.0,-0.20039715278274817,0.0
2,3,1.0,0.02,-0.1,false,-0.20984831402493423,0.0,-0.10975153868177596,0.0,-0.10009677534315826,0.0
2,3,1.0,0.02,0.0,false,-0.10975153868177596,0.0,-0.10975153868177596,0.0,0.0,0.0
2,3,1.0,0.02,0.1,false,-0.00984871710676624,0.0,-0.10975153868177596,0.0,0.09990282157500972,0.0
2,3,1.0,0.02,0.2,false,0.08984785006553637,0.0,-0.10975153868177596,0.0,0.19959938874731234,0.0
2,3,1.0,0.02,0.3,false,0.18929995727697416,0.0,-0.10975153868177596,0.0,0.29905149595875014,0.0
2,3,1.0,0.02,0.4,false,0.2884304468183386,0.0,-0.10975153868177596,0.0,0.3981819855001146,0.0
2,3,1.0,0.02,0.5,false,0.38709169453806946,0.0,-0.10975153868177596,0.0,0.4968432332198454,0.0
2,3,1.0,0.02,0.6,false,0.48498677198004136,0.0,-0.10975153868177596,0.0,0.5947383106618174,0.0
2,3,1.0,0.02,0.7,false,0.5814422129385225,0.0,-0.10975153868177596,0.0,0.6911937516202985,0.0
2,3,1.0,0.02,0.8,false,0.6745876213446094,0.0,-0.10975153868177596,0.0,0.7843391600263854,0.0
2,3,1.0,0.02,0.9,false,0.7575260919925987,0.0,-0.10975153868177596,0.0,0.8672776306743747,0.0
2,3,1.0,0.02,1.0,false,0.8086134904664799,0.0,-0.10975153868177596,0.0,0.9183650291482559,0.0
2,3,1.0,0.02,1.1,false,0.8257379005448859,0.0,-0.10975153868177596,0.0,0.935489439226662,0.0
2,3,1.0,0.02,1.2,false,0.831997817910522,0.0,-0.10975153868177596,0.0,0.941749356592298,0.0
2,3,1.0,0.02,1.3,false,0.8351718888571871,0.0,-0.10975153868177596,0.0,0.9449234275389631,0.0
2,3,1.0,0.02,1.4,false,0.8371358235698951,0.0,-0.10975153868177596,0.0,0.9468873622516711,0.0
2,3,1.0,0.02,1.5,false,0.8385006779228268,0.0,-0.10975153868177596,0.0,0.9482522166046028,0.0
2,3,1.0,0.02,1.6,false,0.8395208655779988,0.0,-0.10975153868177596,0.0,0.9492724042597748,0.0
2,3,1.0,0.02,1.7,false,0.840321584598724,0.0,-0.10975153868177596,0.0,0.9500731232805,0.0
2,3,1.0,0.02,1.8,false,0.8409721494248458,0.0,-0.10975153868177596,0.0,0.9507236881066218,0.0
2,3,1.0,0.02,1.9,false,0.841514405985866,0.0,-0.10975153868177596,0.0,0.951265944667642,0.0
2,3,1.0,0.02,2.0,false,0.8419753359036348,0.0,-0.10975153868177596,0.0,0.9517268745854108,0.0
2,3,1.0,0.06,-2.0,false,-3.7801368407012177,0.0,-0.547411168870215,0.0,-3.2327256718310027,0.0
2,3,1.0,0.06,-1.9,false,-3.532664770231113,0.0,-0.547411168870215,0.0,-2.985253601360898,0.0
2,3,1.0,0.06,-1.8,false,-3.297006249475633,0.0,-0.547411168870215,0.0,-2.749595080605418,0.0
2,3,1.0,0.06,-1.7,false,-3.0722152717134157,0.0,-0.547411168870215,0.0,-2.5248041028432007,0.0
2,3,1.0,0.06,-1.6,false,-2.8569929472517943,0.0,-0.547411168870215,0.0,-2.3095817783815793,0.0
2,3,1.0,0.06,-1.5,false,-2.6502010052040714,0.0,-0.547411168870215,0.0,-2.1027898363338564,0.0
2,3,1.0,0.06,-1.4,false,-2.4511811750231547,0.0,-0.547411168870215,0.0,-1.9037700061529397,0.0
2,3,1.0,0.06,-1.3,false,-2.2598889514290676,0.0,-0.547411168870215,0.0,-1.7124777825588526,0.0
2,3,1.0,0.06,-1.2,false,-2.0769086135831043,0.0,-0.547411168870215,0.0,-1.5294974447128893,0.0
2,3,1.0,0.06,-1.1,false,-1.9033335491073256,0.0,-0.547411168870215,0.0,-1.3559223802371105,0.0
2,3,1.0,0.06,-1.0,false,-1.740403725519299,0.0,-0.547411168870215,0.0,-1.192992556649084,0.0
2,3,1.0,0.06,-0.9,false,-1.5888738476173183,0.0,-0.547411168870215,0.0,-1.0414626787471033,0.0
2,3,1.0,0.06,-0.8,false,-1.4484433853885665,0.0,-0.547411168870215,0.0,-0.9010322165183515,0.0
2,3,1.0,0.06,-0.7,false,-1.317752336556764,0.0,-0.547411168870215,0.0,-0.770341167686549,0.0
2,3,1.0,0.06,-0.6,false,-1.1949285894663793,0.0,-0.547411168870215,0.0,-0.6475174205961642,0.0
2,3,1.0,0.06,-0.5,false,-1.078168597060575,0.0,-0.547411168870215,0.0,-0.53075742819036,0.0
2,3,1.0,0.06,-0.4,false,-0.9660266507897163,0.0,-0.547411168870215,0.0,-0.41861548191950126,0.0
2,3,1.0,0.06,-0.3,false,-0.857457360314601,0.0,-0.547411168870215,0.0,-0.31004619144438594,0.0
2,3,1.0,0.06,-0.2,false,-0.751755561596566,0.0,-0.547411168870215,0.0,-0.20434439272635097,0.0
2,3,1.0,0.06,-0.1,false,-0.648482540654609,0.0,-0.547411168870215,0.0,-0.10107137178439396,0.0
2,3,1.0,0.06,0.0,false,-0.547411168870215,0.0,-0.547411168870215,0.0,0.0,0.0
2,3,1.0,0.06,0.1,false,-0.4484971294206658,0.0,-0.547411168870215,0.0,0.09891403944954924,0.0
2,3,1.0,0.06,0.2,false,-0.3518768022677983,0.0,-0.547411168870215,0.0,0.1955343666024167,0.0
2,3,1.0,0.06,0.3,false,-0.25789310505615803,0.0,-0.547411168870215,0.0,0.289518063814057,0.0
2,3,1.0,0.06,0.4,false,-0.16715245299769405,0.0,-0.547411168870215,0.0,0.38025871587252097,0.0
2,3,1.0,0.06,0.5,false,-0.08061265313425385,0.0,-0.547411168870215,0.0,0.46679851573596115,0.0
2,3,1.0,0.06,0.6,false,0.000321392897162057,0.0,-0.547411168870215,0.0,0.5477325617673771,0.0
2,3,1.0,0.06,0.7,false,0.07378655006041562,0.0,-0.547411168870215,0.0,0.6211977189306306,0.0
2,3,1.0,0.06,0.8,false,0.13773868930005922,0.0,-0.547411168870215,0.0,0.6851498581702742,0.0
2,3,1.0,0.06,0.9,false,0.1906811918283984,0.0,-0.547411168870215,0.0,0.7380923606986134,0.0
2,3,1.0,0.06,1.0,false,0.232491026241734,0.0,-0.547411168870215,0.0,0.779902195111949,0.0
2,3,1.0,0.06,1.1,false,0.26451914328046244,0.0,-0.547411168870215,0.0,0.8119303121506775,0.0
2,3,1.0,0.06,1.2,false,0.2888463150316099,0.0,-0.547411168870215,0.0,0.8362574839018249,0.0
2,3,1.0,0.06,1.3,false,0.3074839376101505,0.0,-0.547411168870215,0.0,0.8548951064803656,0.0
2,3,1.0,0.06,1.4,false,0.3220165000520813,0.0,-0.547411168870215,0.0,0.8694276689222964,0.0
2,3,1.0,0.06,1.5,false,0.3335827422421173,0.0,-0.547411168870215,0.0,0.8809939111123324,0.0
2,3,1.0,0.06,1.6,false,0.34297465345965605,0.0,-0.547411168870215,0.0,0.8903858223298711,0.0
2,3,1.0,0.06,1.7,false,0.3507415611153404,0.0,-0.547411168870215,0.0,0.8981527299855554,0.0
2,3,1.0,0.06,1.8,false,0.3572689210694799,0.0,-0.547411168870215,0.0,0.904680089939695,0.0
2,3,1.0,0.06,1.9,false,0.3628320187448181,0.0,-0.547411168870215,0.0,0.9102431876150331,0.0
2,3,1.0,0.06,2.0,false,0.3676313408072232,0.0,-0.547411168870215,0.0,0.9150425096774382,0.0
2,3,1.0,0.1,-2.0,false,-4.528061095223479,0.0,-1.3109113873783793,0.0,-3.2171497078451,0.0
2,3,1.0,0.1,-1.9,false,-4.290116126268071,0.0,-1.3109113873783793,0.0,-2.979204738889692,0.0
2,3,1.0,0.1,-1.8,false,-4.062086512906063,0.0,-1.3109113873783793,0.0,-2.751175125527684,0.0
2,3,1.0,0.1,-1.7,false,-3.8436480322226565,0.0,-1.3109113873783793,0.0,-2.5327366448442774,0.0
2,3,1.0,0.1,-1.6,false,-3.634408485879894,0.0,-1.3109113873783793,0.0,-2.323497098501515,0.0
2,3,1.0,0.1,-1.5,false,-3.433990054243943,0.0,-1.3109113873783793,0.0,-2.123078666865564,0.0
2,3,1.0,0.1,-1.4,false,-3.242085823674865,0.0,-1.3109113873783793,0.0,-1.9311744362964858,0.0
2,3,1.0,0.1,-1.3,false,-3.0584781883705823,0.0,-1.3109113873783793,0.0,-1.747566800992203,0.0
2,3,1.0,0.1,-1.2,false,-2.883020512683354,0.0,-1.3109113873783793,0.0,-1.5721091253049748,0.0
2,3,1.0,0.1,-1.1,false,-2.715592248373017,0.0,-1.3109113873783793,0.0,-1.4046808609946375,0.0
2,3,1.0,0.1,-1.0,false,-2.556043135084249,0.0,-1.3109113873783793,0.0,-1.2451317477058697,0.0
2,3,1.0,0.1,-0.9,false,-2.404144590325617,0.0,-1.3109113873783793,0.0,-1.0932332029472376,0.0
2,3,1.0,0.1,-0.8,false,-2.2595639909378518,0.0,-1.3109113873783793,0.0,-0.9486526035594725,0.0
2,3,1.0,0.1,-0.7,false,-2.1218692066790172,0.0,-1.3109113873783793,0.0,-0.8109578193006379,0.0
2,3,1.0,0.1,-0.6,false,-1.9905595552773458,0.0,-1.3109113873783793,0.0,-0.6796481678989665,0.0
2,3,1.0,0.1,-0.5,false,-1.8651111884033362,0.0,-1.3109113873783793,0.0,-0.5541998010249569,0.0
2,3,1.0,0.1,-0.4,false,-1.7450235133594556,0.0,-1.3109113873783793,0.0,-0.4341121259810763,0.0
2,3,1.0,0.1,-0.3,false,-1.6298574509341333,0.0,-1.3109113873783793,0.0,-0.31894606355575394,0.0
2,3,1.0,0.1,-0.2,false,-1.5192621788415195,0.0,-1.3109113873783793,0.0,-0.20835079146314017,0.0
2,3,1.0,0.1,-0.1,false,-1.4129913268859853,0.0,-1.3109113873783793,0.0,-0.10207993950760597,0.0
2,3,1.0,0.1,0.0,false,-1.3109113873783793,0.0,-1.3109113873783793,0.0,0.0,0.0
2,3,1.0,0.1,0.1,false,-1.2130048854038318,0.0,-1.3109113873783793,0.0,0.09790650197454753,0.0
2,3,1.0,0.1,0.2,false,-1.1193694666343168,0.0,-1.3109113873783793,0.0,0.1915419207440625,0.0
2,3,1.0,0.1,0.3,false,-1.0302121292286155,0.0,-1.3109113873783793,0.0,0.2806992581497638,0.0
2,3,1.0,0.1,0.4,false,-0.945835788639815,0.0,-1.3109113873783793,0.0,0.3650755987385643,0.0
2,3,1.0,0.1,0.5,false,-0.8666138314760603,0.0,-1.3109113873783793,0.0,0.444297555902319,0.0
2,3,1.0,0.1,0.6,false,-0.7929484415615065,0.0,-1.3109113873783793,0.0,0.5179629458168729,0.0
2,3,1.0,0.1,0.7,false,-0.7252118552306931,0.0,-1.3109113873783793,0.0,0.5856995321476862,0.0
2,3,1.0,0.1,0.8,false,-0.663677086860332,0.0,-1.3109113873783793,0.0,0.6472343005180473,0.0
2,3,1.0,0.1,0.9,false,-0.6084537250007811,0.0,-1.3109113873783793,0.0,0.7024576623775982,0.0
2,3,1.0,0.1,1.0,false,-0.5594489098010423,0.0,-1.3109113873783793,0.0,0.751462477577337,0.0
2,3,1.0,0.1,1.1,false,-0.5163676059038941,0.0,-1.3109113873783793,0.0,0.7945437814744852,0.0
2,3,1.0,0.1,1.2,false,-0.4787511818808582,0.0,-1.3109113873783793,0.0,0.8321602054975211,0.0
2,3,1.0,0.1,1.3,false,-0.4460387707415383,0.0,-1.3109113873783793,0.0,0.864872616636841,0.0
2,3,1.0,0.1,1.4,false,-0.4176310709707321,0.0,-1.3109113873783793,0.0,0.8932803164076473,0.0
2,3,1.0,0.1,1.5,false,-0.3929416309665834,0.0,-1.3109113873783793,0.0,0.9179697564117959,0.0
2,3,1.0,0.1,1.6,false,-0.371429910235766,0.0,-1.3109113873783793,0.0,0.9394814771426133,0.0
2,3,1.0,0.1,1.7,false,-0.35261757859971765,0.0,-1.3109113873783793,0.0,0.9582938087786617,0.0
2,3,1.0,0.1,1.8,false,-0.3360926917719203,0.0,-1.3109113873783793,0.0,0.9748186956064591,0.0
2,3,1.0,0.1,1.9,false,-0.321506579974287,0.0,-1.3109113873783793,0.0,0.9894048074040923,0.0
2,3,1.0,0.1,2.0,false,-0.30856716014696006,0.0,-1.3109113873783793,0.0,1.0023442272314194,0.0
3,3,1.0,0.02,-2.0,false,-3.2131380239414224,0.0,-0.11096964397642536,0.0,-3.102168379964997,0.0
3,3,1.0,0.02,-1.9,false,-2.9627919664472167,0.0,-0.11096964397642536,0.0,-2.8518223224707913,0.0
3,3,1.0,0.02,-1.8,false,-2.740036990217323,0.0,-0.11096964397642536,0.0,-2.6290673462408978,0.0
3,3,1.0,0.02,-1.7,false,-2.530129183505699,0.0,-0.11096964397642536,0.0,-2.4191595395292738,0.0
3,3,1.0,0.02,-1.6,false,-2.3253883670220135,0.0,-0.11096964397642536,0.0,-2.214418723045588,0.0
3,3,1.0,0.02,-1.5,false,-2.1231412576218203,0.0,-0.11096964397642536,0.0,-2.012171613645395,0.0
3,3,1.0,0.02,-1.4,false,-1.9224598469721204,0.0,-0.11096964397642536,0.0,-1.811490202995695,0.0
3,3,1.0,0.02,-1.3,false,-1.7231822924214526,0.0,-0.11096964397642536,0.0,-1.6122126484450272,0.0
3,3,1.0,0.02,-1.2,false,-1.52593695860243,0.0,-0.11096964397642536,0.0,-1.4149673146260047,0.0
3,3,1.0,0.02,-1.1,false,-1.3338337888760452,0.0,-0.11096964397642536,0.0,-1.2228641448996198,0.0
3,3,1.0,0.02,-1.0,false,-1.1620506190438855,0.0,-0.11096964397642536,0.0,-1.0510809750674601,0.0
3,3,1.0,0.02,-0.9,false,-1.0317579426480132,0.0,-0.11096964397642536,0.0,-0.9207882986715878,0.0
3,3,1.0,0.02,-0.8,false,-0.9216743071913139,0.0,-0.11096964397642536,0.0,-0.8107046632148885,0.0
3,3,1.0,0.02,-0.7,false,-0.8171911259157587,0.0,-0.11096964397642536,0.0,-0.7062214819393333,0.0
3,3,1.0,0.02,-0.6,false,-0.7147462357877806,0.0,-0.11096964397642536,0.0,-0.6037765918113552,0.0
3,3,1.0,0.02,-0.5,false,-0.6132560162969872,0.0,-0.11096964397642536,0.0,-0.5022863723205618,0.0
3,3,1.0,0.02,-0.4,false,-0.512294479081958,0.0,-0.11096964397642536,0.0,-0.40132483510553263,0.0
3,3,1.0,0.02,-0.3,false,-0.4116641877548146,0.0,-0.11096964397642536,0.0,-0.3006945437783892,0.0
3,3,1.0,0.02,-0.2,false,-0.31126426593038975,0.0,-0.11096964397642536,0.0,-0.20029462195396439,0.0
3,3,1.0,0.02,-0.1,false,-0.2110414215224843,0.0,-0.11096964397642536,0.0,-0.10007177754605895,0.0
3,3,1.0,0.02,0.0,false,-0.11096964397642536,0.0,-0.11096964397642536,0.0,0.0,0.0
3,3,1.0,0.02,0.1,false,-0.01104184787751608,0.0,-0.11096964397642536,0.0,0.09992779609890928,0.0
3,3,1.0,0.02,0.2,false,0.0887320859499872,0.0,-0.11096964397642536,0.0,0.19970172992641255,0.0
3,3,1.0,0.02,0.3,false,0.18832197035381137,0.0,-0.11096964397642536,0.0,0.29929161433023677,0.0
3,3,1.0,0.02,0.4,false,0.28766641131999054,0.0,-0.11096964397642536,0.0,0.3986360552964159,0.0
3,3,1.0,0.02,0.5,false,0.3866459725280557,0.0,-0.11096964397642536,0.0,0.49761561650448105,0.0
3,3,1.0,0.02,0.6,false,0.48501357274955276,0.0,-0.11096964397642536,0.0,0.5959832167259781,0.0
3,3,1.0,0.02,0.7,false,0.5821811405131834,0.0,-0.11096964397642536,0.0,0.6931507844896088,0.0
3,3,1.0,0.02,0.8,false,0.6763551397696606,0.0,-0.11096964397642536,0.0,0.7873247837460859,0.0
3,3,1.0,0.02,0.9,false,0.7594443494737345,0.0,-0.11096964397642536,0.0,0.8704139934501599,0.0
3,3,1.0,0.02,1.0,false,0.8032341690442428,0.0,-0.11096964397642536,0.0,0.9142038130206682,0.0
3,3,1.0,0.02,1.1,false,0.8146533977263736,0.0,-0.11096964397642536,0.0,0.925623041702799,0.0
3,3,1.0,0.02,1.2,false,0.8187252479310211,0.0,-0.11096964397642536,0.0,0.9296948919074465,0.0
3,3,1.0,0.02,1.3,false,0.8208359835275655,0.0,-0.11096964397642536,0.0,0.9318056275039909,0.0
3,3,1.0,0.02,1.4,false,0.8221671583847581,0.0,-0.11096964397642536,0.0,0.9331368023611835,0.0
3,3,1.0,0.02,1.5,false,0.8231050223493357,0.0,-0.11096964397642536,0.0,0.9340746663257611,0.0
3,3,1.0,0.02,1.6,false,0.8238128842140878,0.0,-0.11096964397642536,0.0,0.9347825281905132,0.0
3,3,1.0,0.02,1.7,false,0.8243723562404215,0.0,-0.11096964397642536,0.0,0.9353420002168469,0.0
3,3,1.0,0.02,1.8,false,0.8248292399870726,0.0,-0.11096964397642536,0.0,0.935798883963498,0.0
3,3,1.0,0.02,1.9,false,0.8252115096817401,0.0,-0.11096964397642536,0.0,0.9361811536581655,0.0
3,3,1.0,0.02,2.0,false,0.8255373813727697,0.0,-0.11096964397642536,0.0,0.936507025349195,0.0
3,3,1.0,0.06,-2.0,false,-3.932708809538692,0.0,-0.6087133767775802,0.0,-3.323995432761112,0.0
3,3,1.0,0.06,-1.9,false,-3.674667383515816,0.0,-0.6087133767775802,0.0,-3.065954006738236,0.0
3,3,1.0,0.06,-1.8,false,-3.429149650180306,0.0,-0.6087133767775802,0.0,-2.8204362734027257,0.0
3,3,1.0,0.06,-1.7,false,-3.19584353448768,0.0,-0.6087133767775802,0.0,-2.5871301577101,0.0
3,3,1.0,0.06,-1.6,false,-2.9735812640593147,0.0,-0.6087133767775802,0.0,-2.3648678872817346,0.0
3,3,1.0,0.06,-1.5,false,-2.7609406246389074,0.0,-0.6087133767775802,0.0,-2.1522272478613274,0.0
3,3,1.0,0.06,-1.4,false,-2.5568008793616253,0.0,-0.6087133767775802,0.0,-1.9480875025840452,0.0
3,3,1.0,0.06,-1.3,false,-2.3606412604684435,0.0,-0.6087133767775802,0.0,-1.7519278836908634,0.0
3,3,1.0,0.06,-1.2,false,-2.1726372776312517,0.0,-0.6087133767775802,0.0,-1.5639239008536716,0.0
3,3,1.0,0.06,-1.1,false,-1.9936220876891428,0.0,-0.6087133767775802,0.0,-1.3849087109115628,0.0
3,3,1.0,0.06,-1.0,false,-1.8248581222012537,0.0,-0.6087133767775802,0.0,-1.2161447454236733,0.0
3,3,1.0,0.06,-0.9,false,-1.6675020853840834,0.0,-0.6087133767775802,0.0,-1.058788708606503,0.0
3,3,1.0,0.06,-0.8,false,-1.52187496466605,0.0,-0.6087133767775802,0.0,-0.9131615878884699,0.0
3,3,1.0,0.06,-0.7,false,-1.3870700836054703,0.0,-0.6087133767775802,0.0,-0.7783567068278902,0.0
3,3,1.0,0.06,-0.6,false,-1.2612862416357251,0.0,-0.6087133767775802,0.0,-0.6525728648581449,0.0
3,3,1.0,0.06,-0.5,false,-1.1425227216786356,0.0,-0.6087133767775802,0.0,-0.5338093449010554,0.0
3,3,1.0,0.06,-0.4,false,-1.029069582606241,0.0,-0.6087133767775802,0.0,-0.42035620582866084,0.0
3,3,1.0,0.06,-0.3,false,-0.9196607217010406,0.0,-0.6087133767775802,0.0,-0.31094734492346043,0.0
3,3,1.0,0.06,-0.2,false,-0.8134399012252916,0.0,-0.6087133767775802,0.0,-0.20472652444771144,0.0
3,3,1.0,0.06,-0.1,false,-0.7098794060917585,0.0,-0.6087133767775802,0.0,-0.10116602931417829,0.0
3,3,1.0,0.06,0.0,false,-0.6087133767775802,0.0,-0.6087133767775802,0.0,0.0,0.0
3,3,1.0,0.06,0.1,false,-0.509903502160433,0.0,-0.6087133767775802,0.0,0.09880987461714719,0.0
3,3,1.0,0.06,0.2,false,-0.41364101856392144,0.0,-0.6087133767775802,0.0,0.19507235821365876,0.0
3,3,1.0,0.06,0.3,false,-0.32038851141102853,0.0,-0.6087133767775802,0.0,0.28832486536655166,0.0
3,3,1.0,0.06,0.4,false,-0.230965953583524,0.0,-0.6087133767775802,0.0,0.3777474231940562,0.0
3,3,1.0,0.06,0.5,false,-0.14667294723640098,0.0,-0.6087133767775802,0.0,0.4620404295411792,0.0
3,3,1.0,0.06,0.6,false,-0.06938055636549559,0.0,-0.6087133767775802,0.0,0.5393328204120846,0.0
3,3,1.0,0.06,0.7,false,-0.0013839511174272795,0.0,-0.6087133767775802,0.0,0.6073294256601529,0.0
3,3,1.0,0.06,0.8,false,0.05529030777425977,0.0,-0.6087133767775802,0.0,0.66400368455184,0.0
3,3,1.0,0.06,0.9,false,0.09997651039658205,0.0,-0.6087133767775802,0.0,0.7086898871741623,0.0
3,3,1.0,0.06,1.0,false,0.13383629087673807,0.0,-0.6087133767775802,0.0,0.7425496676543183,0.0
3,3,1.0,0.06,1.1,false,0.15912461805545305,0.0,-0.6087133767775802,0.0,0.7678379948330333,0.0
3,3,1.0,0.06,1.2,false,0.17814207008304914,0.0,-0.6087133767775802,0.0,0.7868554468606294,0.0
3,3,1.0,0.06,1.3,false,0.19271059806932653,0.0,-0.6087133767775802,0.0,0.8014239748469068,0.0
3,3,1.0,0.06,1.4,false,0.20412275145289724,0.0,-0.6087133767775802,0.0,0.8128361282304775,0.0
3,3,1.0,0.06,1.5,false,0.21326104443431532,0.0,-0.6087133767775802,0.0,0.8219744212118956,0.0
3,3,1.0,0.06,1.6,false,0.2207262336151669,0.0,-0.6087133767775802,0.0,0.829439610392747,0.0
3,3,1.0,0.06,1.7,false,0.22693267977443055,0.0,-0.6087133767775802,0.0,0.8356460565520107,0.0
3,3,1.0,0.06,1.8,false,0.2321718330747443,0.0,-0.6087133767775802,0.0,0.8408852098523245,0.0
3,3,1.0,0.06,1.9,false,0.23665311928691676,0.0,-0.6087133767775802,0.0,0.845366496064497,0.0
3,3,1.0,0.06,2.0,false,0.24053021725161733,0.0,-0.6087133767775802,0.0,0.8492435940291976,0.0
3,3,1.0,0.1,-2.0,false,-4.975627553134868,0.0,-1.6495759186948395,0.0,-3.326051634440028,0.0
3,3,1.0,0.1,-1.9,false,-4.7263087885710675,0.0,-1.6495759186948395,0.0,-3.0767328698762277,0.0
3,3,1.0,0.1,-1.8,false,-4.487588415241974,0.0,-1.6495759186948395,0.0,-2.838012496547134,0.0
3,3,1.0,0.1,-1.7,false,-4.2592725812487,0.0,-1.6495759186948395,0.0,-2.6096966625538602,0.0
3,3,1.0,0.1,-1.6,false,-4.041021891951992,0.0,-1.6495759186948395,0.0,-2.3914459732571522,0.0
3,3,1.0,0.1,-1.5,false,-3.8324296397505377,0.0,-1.6495759186948395,0.0,-2.1828537210556984,0.0
3,3,1.0,0.1,-1.4,false,-3.633100347438291,0.0,-1.6495759186948395,0.0,-1.9835244287434513,0.0
3,3,1.0,0.1,-1.3,false,-3.4427009271603293,0.0,-1.6495759186948395,0.0,-1.7931250084654897,0.0
3,3,1.0,0.1,-1.2,false,-3.260973395393546,0.0,-1.6495759186948395,0.0,-1.6113974766987063,0.0
3,3,1.0,0.1,-1.1,false,-3.087712900690479,0.0,-1.6495759186948395,0.0,-1.4381369819956393,0.0
3,3,1.0,0.1,-1.0,false,-2.922724121347737,0.0,-1.6495759186948395,0.0,-1.2731482026528973,0.0
3,3,1.0,0.1,-0.9,false,-2.7657734679926094,0.0,-1.6495759186948395,0.0,-1.1161975492977698,0.0
3,3,1.0,0.1,-0.8,false,-2.616554184534104,0.0,-1.6495759186948395,0.0,-0.9669782658392643,0.0
3,3,1.0,0.1,-0.7,false,-2.474675859848807,0.0,-1.6495759186948395,0.0,-0.8250999411539672,0.0
3,3,1.0,0.1,-0.6,false,-2.339680410572917,0.0,-1.6495759186948395,0.0,-0.6901044918780774,0.0
3,3,1.0,0.1,-0.5,false,-2.211077468252539,0.0,-1.6495759186948395,0.0,-0.5615015495576994,0.0
3,3,1.0,0.1,-0.4,false,-2.088387593223446,0.0,-1.6495759186948395,0.0,-0.43881167452860637,0.0
3,3,1.0,0.1,-0.3,false,-1.9711828854218851,0.0,-1.6495759186948395,0.0,-0.3216069667270456,0.0
3,3,1.0,0.1,-0.2,false,-1.859118988147144,0.0,-1.6495759186948395,0.0,-0.2095430694523044,0.0
3,3,1.0,0.1,-0.1,false,-1.751956941234098,0.0,-1.6495759186948395,0.0,-0.10238102253925851,0.0
3,3,1.0,0.1,0.0,false,-1.6495759186948395,0.0,-1.6495759186948395,0.0,0.0,0.0
3,3,1.0,0.1,0.1,false,-1.5519783006533823,0.0,-1.6495759186948395,0.0,0.09759761804145728,0.0
3,3,1.0,0.1,0.2,false,-1.4592873608215233,0.0,-1.6495759186948395,0.0,0.19028855787331622,0.0
3,3,1.0,0.1,0.3,false,-1.3717358891966966,0.0,-1.6495759186948395,0.0,0.2778400294981429,0.0
3,3,1.0,0.1,0.4,false,-1.2896422248437822,0.0,-1.6495759186948395,0.0,0.35993369385105733,0.0
3,3,1.0,0.1,0.5,false,-1.2133697337390128,0.0,-1.6495759186948395,0.0,0.43620618495582675,0.0
3,3,1.0,0.1,0.6,false,-1.1432684144171836,0.0,-1.6495759186948395,0.0,0.5063075042776559,0.0
3,3,1.0,0.1,0.7,false,-1.079604109369077,0.0,-1.6495759186948395,0.0,0.5699718093257626,0.0
3,3,1.0,0.1,0.8,false,-1.0224899846021362,0.0,-1.6495759186948395,0.0,0.6270859340927033,0.0
3,3,1.0,0.1,0.9,false,-0.9718406742113479,0.0,-1.6495759186948395,0.0,0.6777352444834917,0.0
3,3,1.0,0.1,1.0,false,-0.9273651986811804,0.0,-1.6495759186948395,0.0,0.7222107200136592,0.0
3,3,1.0,0.1,1.1,false,-0.8886003585379811,0.0,-1.6495759186948395,0.0,0.7609755601568584,0.0
3,3,1.0,0.1,1.2,false,-0.8549706473709021,0.0,-1.6495759186948395,0.0,0.7946052713239374,0.0
3,3,1.0,0.1,1.3,false,-0.8258539280265749,0.0,-1.6495759186948395,0.0,0.8237219906682647,0.0
3,3,1.0,0.1,1.4,false,-0.8006362389843752,0.0,-1.6495759186948395,0.0,0.8489396797104644,0.0
3,3,1.0,0.1,1.5,false,-0.7787483712424046,0.0,-1.6495759186948395,0.0,0.870827547452435,0.0
3,3,1.0,0.1,1.6,false,-0.759684763305127,0.0,-1.6495759186948395,0.0,0.8898911553897125,0.0
3,3,1.0,0.1,1.7,false,-0.7430091641694782,0.0,-1.6495759186948395,0.0,0.9065667545253614,0.0
3,3,1.0,0.1,1.8,false,-0.7283521095950614,0.0,-1.6495759186948395,0.0,0.9212238090997782,0.0
3,3,1.0,0.1,1.9,false,-0.7154042369435754,0.0,-1.6495759186948395,0.0,0.9341716817512642,0.0
3,3,1.0,0.1,2.0,false,-0.7039080918435109,0.0,-1.6495759186948395,0.0,0.9456678268513287,0.0
6,6,1.0,0.06,-2.0,true,-4.94959975608492,0.0001248080706807754,-1.4578800056362833,2.6535473510282063e-5,-3.491719750448637,0.00012759775022104546
6,6,1.0,0.06,-1.8,true,-4.406894504142726,8.793289718914494e-5,-1.4578800056362833,2.6535473510282063e-5,-2.949014498506443,9.184947339256559e-5
6,6,1.0,0.06,-1.6,true,-3.9197592137105466,7.077329269160729e-5,-1.4578800056362833,2.6535473510282063e-5,-2.4618792080742633,7.558432584092283e-5
6,6,1.0,0.06,-1.4,true,-3.4825478608663727,6.071702706254306e-5,-1.4578800056362833,2.6535473510282063e-5,-2.0246678552300894,6.626227229523952e-5
6,6,1.0,0.06,-1.2,true,-3.0803620266918994,4.7555980798768124e-5,-1.4578800056362833,2.6535473510282063e-5,-1.6224820210556161,5.445826534280801e-5
6,6,1.0,0.06,-1.0,true,-2.710002653184244,4.035087678181853e-5,-1.4578800056362833,2.6535473510282063e-5,-1.2521226475479605,4.829414676207027e-5
6,6,1.0,0.06,-0.8,true,-2.3839385349987317,3.8134523523690434e-5,-1.4578800056362833,2.6535473510282063e-5,-0.9260585293624484,4.645829569402842e-5
6,6,1.0,0.06,-0.6,true,-2.111941148735884,3.337651206299995e-5,-1.4578800056362833,2.6535473510282063e-5,-0.6540611430996006,4.263945252822159e-5
6,6,1.0,0.06,-0.4,true,-1.8776515193050476,3.284301925560155e-5,-1.4578800056362833,2.6535473510282063e-5,-0.4197715136687643,4.222316032983196e-5
6,6,1.0,0.06,-0.2,true,-1.6623234253892278,3.07786393196243e-5,-1.4578800056362833,2.6535473510282063e-5,-0.20444341975294456,4.0638110103478045e-5
6,6,1.0,0.06,0.0,true,-1.4578800056362833,2.6535473510282063e-5,-1.4578800056362833,2.6535473510282063e-5,0.0,3.752682652223289e-5
6,6,1.0,0.06,0.2,true,-1.2626220299660542,3.227957101712554e-5,-1.4578800056362833,2.6535473510282063e-5,0.19525797567022907,4.1786386054126915e-5
6,6,1.0,0.06,0.4,true,-1.080594773364523,3.129782395626265e-5,-1.4578800056362833,2.6535473510282063e-5,0.37728523227176036,4.1032732529190514e-5
6,6,1.0,0.06,0.6,true,-0.927111409094185,3.352525960789464e-5,-1.4578800056362833,2.6535473510282063e-5,0.5307685965420983,4.275598655383376e-5
6,6,1.0,0.06,0.8,true,-0.8304439702260173,3.566560806510088e-5,-1.4578800056362833,2.6535473510282063e-5,0.6274360354102659,4.445409939553686e-5
6,6,1.0,0.06,1.0,true,-0.7842489356819732,3.710130019558948e-5,-1.4578800056362833,2.6535473510282063e-5,0.6736310699543101,4.561400914870484e-5
6,6,1.0,0.06,1.2,true,-0.7605357590486664,3.8822342431369585e-5,-1.4578800056362833,2.6535473510282063e-5,0.6973442465876168,4.702452154220604e-5
6,6,1.0,0.06,1.4,true,-0.746211467657371,3.7862318887730706e-5,-1.4578800056362833,2.6535473510282063e-5,0.7116685379789123,4.623512242842113e-5
6,6,1.0,0.06,1.6,true,-0.7365323267738364,3.812878429777106e-5,-1.4578800056362833,2.6535473510282063e-5,0.7213476788624469,4.6453584861029125e-5
6,6,1.0,0.06,1.8,true,-0.7296005263901166,3.439548243941252e-5,-1.4578800056362833,2.6535473510282063e-5,0.7282794792461666,4.3441691572207636e-5
6,6,1.0,0.06,2.0,true,-0.7243427947716128,3.901790083512272e-5,-1.4578800056362833,2.6535473510282063e-5,0.7335372108646705,4.71860990122552e-5
