t,u_ib,E_p,E_p_err,factor,factor_err,exponent,r2
0.01,-1.5,-2.005050723632254,0.00021075191340272335,0.009863306982988772,0.0011231627207575223,-0.5,0.9725468867047801
0.01,-1.0,-1.0173955050132268,0.0003822670703627069,-0.006772537074724036,0.0021191612492318487,-0.5,0.9783770935646962
0.01,-0.5,-0.5005020413820926,8.006886685879963e-6,-2.075015084307094e-6,4.2155183252290274e-5,-0.5,0.9841824683921645
0.01,0.0,0.0,0.0,0.0,0.0,-0.5,0.9866582451939162
0.01,0.5,0.4994997846414343,7.484417168291046e-6,-3.598868345939756e-5,3.859800827031259e-5,-0.5,0.9842852383363907
0.01,1.0,0.9586924859301981,0.00011137615745792609,-0.0010819284499385506,0.0005669970204199688,-0.5,0.9954301314006688
0.01,1.5,0.9567070954561757,0.00038266876569295914,0.023967425266589324,0.0020206205197176377,-0.5,0.9793227492085944
0.015,-1.5,-2.0108809901884954,0.0002750449921383956,0.013550342120062106,0.0014629134587992735,-0.5,0.9739951034705765
0.015,-1.0,-1.0266931223532272,0.0007274515072849089,-0.014812395417858736,0.00401455282760495,-0.5,0.9781377566548899
0.015,-0.5,-0.5011331466394003,1.150543571563626e-5,0.00013419258976339875,5.88753008102938e-5,-0.5,0.9913394267477909
0.015,0.0,0.0,0.0,0.0,0.0,-0.5,0.9874132791994101
0.015,0.5,0.4988756137396564,2.6168948745684585e-5,2.3735761868022472e-5,0.0001324262973703942,-0.5,0.9902628366265311
0.015,1.0,0.9363945038702305,4.4022300085800494e-5,8.225954285645303e-6,0.00023707479795738998,-0.5,0.9841016644103768
0.015,1.5,0.9340805627948908,0.0005513163176704563,0.036592426866153584,0.002901915877452341,-0.5,0.9812696835621296
0.02,-1.5,-2.018810693940047,0.00020170965636953924,0.013548494858614705,0.0010936622641173985,-0.5,0.9801414033385308
0.02,-1.0,-1.0362199353983945,0.0009548699926138599,-0.029092942175305427,0.005056439445141419,-0.5,0.9816406252257939
0.02,-0.5,-0.5019494240332274,1.6045712226473504e-5,-2.575209007844516e-5,8.146571788862839e-5,-0.5,0.9897879079783697
0.02,0.0,0.0,0.0,0.0,0.0,-0.5,0.989056888216737
0.02,0.5,0.49803255584265377,5.662857848701037e-6,-0.00012158851453759447,2.8897505343734294e-5,-0.5,0.9898232305195743
0.02,1.0,0.913280044762147,5.555242071658097e-5,-0.00017032744297553474,0.0002950798295059344,-0.5,0.9819929169678105
0.02,1.5,0.9107186916248076,0.0007002244525732899,0.049285833418555025,0.0036779178621425654,-0.5,0.982551030262293
0.025,-1.5,-2.0293605831181916,0.00022286302117335938,0.011046966075407977,0.0011814499972617265,-0.5,0.9806407533080638
0.025,-1.0,-1.0468340235202303,0.00130807500520273,-0.04717731172103488,0.006814554868284563,-0.5,0.977462934748275
0.025,-0.5,-0.5029287346363713,7.735832504027116e-5,-0.0006762732833004544,0.00040025101714258484,-0.5,0.9897169872840604
0.025,0.0,0.0,0.0,0.0,0.0,-0.5,0.9885384317607598
0.025,0.5,0.49701787203855324,6.0222567221871984e-5,-0.0008344830565484797,0.0003133400353550472,-0.5,0.9889559307627859
0.025,1.0,0.8886879359927147,6.79996310897755e-5,0.001051713343412445,0.000348333079736721,-0.5,0.9818006208357514
0.025,1.5,0.8861927409299135,0.0009519925157594241,0.0635661208311119,0.004984603868481414,-0.5,0.9824459683591956
0.03,-1.5,-2.0430224590623673,7.550187175579104e-5,0.00537671139437765,0.00041762232141121,-0.5,0.9803960908058753
0.03,-1.0,-1.0582427595879502,0.001353919344906526,-0.07315081628176803,0.007256455591520165,-0.5,0.9823061558021745
0.03,-0.5,-0.5041947930084755,5.7621164729662104e-5,-0.0014171332428355031,0.00029759227003108604,-0.5,0.9882793003073435
0.03,0.0,0.0,0.0,0.0,0.0,-0.5,0.988481913920078
0.03,0.5,0.49570613907198346,6.279123347181529e-5,-0.0018813171470516618,0.00032392853944615264,-0.5,0.9890147611155868
0.03,1.0,0.8625134012004564,0.00015358043690599432,0.0029868669396153685,0.0008017443862462283,-0.5,0.9830992104190626
0.03,1.5,0.8604789058505025,0.0011382811840876844,0.07864605773432945,0.005960976312176626,-0.5,0.9836072871620145
0.035,-1.5,-2.0605610805068117,0.00024783379105791604,-0.0021232336392368414,0.0012963387208482537,-0.5,0.9763068608111153
0.035,-1.0,-1.071882853495497,0.0013139528489159457,-0.10400447658791709,0.006834184241059813,-0.5,0.9829942525450432
0.035,-0.5,-0.5056389933332792,0.00011970177659470122,-0.0032586035816315113,0.0006186514540931996,-0.5,0.9878216468156988
0.035,0.0,0.0,0.0,0.0,0.0,-0.5,0.9876705477625861
0.035,0.5,0.49421843873946136,0.00012826795260602553,-0.004437809697148601,0.0006648512734065752,-0.5,0.9876824567200503
0.035,1.0,0.8340913634829621,0.00023655923675964095,0.00806428036885336,0.0012395302356196086,-0.5,0.9838899661168321
0.035,1.5,0.8327420217817956,0.0015123043108077896,0.09842792880070926,0.007893953041850914,-0.5,0.9835905613232747
0.04,-1.5,-2.083479216394353,0.0006025158274252055,-0.008000145117019155,0.0032449725083006946,-0.5,0.9806791200337552
0.04,-1.0,-1.0895574269571138,0.0009810211198714369,-0.13374532340625098,0.005206952918962004,-0.5,0.9820619076252695
0.04,-0.5,-0.5071862164659413,0.0002342575988586193,-0.007511600666165007,0.0012162441580777852,-0.5,0.9877005731921761
0.04,0.0,0.0,0.0,0.0,0.0,-0.5,0.9882869557448845
0.04,0.5,0.4927352169288472,0.00032757426446597914,-0.010810548793283518,0.0016983766068131706,-0.5,0.9872971965099565
0.04,1.0,0.8022988912921551,0.0007221437432685109,0.020736555670713783,0.0037486317834534853,-0.5,0.9836236766708909
0.04,1.5,0.8017973574594149,0.002129779735210622,0.12817282823598192,0.01113559597529573,-0.5,0.9841062029116249
0.045,-1.5,-2.114512432060115,0.0016625698888594297,-0.0018192036543687707,0.008962154576080895,-0.5,0.9798779260528763
0.045,-1.0,-1.1154379306946554,0.00026632693056455336,-0.14527864270506868,0.0013837877123772577,-0.5,0.9834410027540544
0.045,-0.5,-0.508799940903774,0.0004024264445344667,-0.016000846236084908,0.0020890524342060193,-0.5,0.9871489079945296
0.045,0.0,0.0,0.0,0.0,0.0,-0.5,0.9883800070897375
0.045,0.5,0.4911583357726482,0.0005265454834090983,-0.02273967188567537,0.002719819099283065,-0.5,0.9874231397208685
0.045,1.0,0.7645791829785881,0.0016082348299508692,0.05425248413131197,0.008369020356550188,-0.5,0.9861085124057843
0.045,1.5,0.7662565000726773,0.002969922880508413,0.17601021538407122,0.015534267549277064,-0.5,0.9848964659754461
0.05,-1.5,-2.1612325387061886,0.0033558343901018903,0.05763485124730755,0.01747687658034578,-0.5,0.9821573332305067
0.05,-1.0,-1.1551084829553062,0.0019103850313643886,-0.1098402452530366,0.00998165458250696,-0.5,0.9848413585671982
0.05,-0.5,-0.5105590478072031,0.00045122515740881285,-0.031582703319482694,0.0023261116702102324,-0.5,0.9885094357882701
0.05,0.0,0.0,0.0,0.0,0.0,-0.5,0.9889298443828238
0.05,0.5,0.48914783182353255,0.0004883388647774586,-0.042969033863523645,0.0025281168564328543,-0.5,0.9874353810014085
0.05,1.0,0.7188149232019857,0.0024334868293590345,0.12231594270604829,0.012604690115176674,-0.5,0.9867315277655219
0.05,1.5,0.7228130739116233,0.004072089637243039,0.2637403106366455,0.021206343103398848,-0.5,0.984794342720999
0.055,-1.5,-2.2317659578487827,0.004654255306471141,0.22102396727270124,0.024668961691066773,-0.5,0.9837955371031827
0.055,-1.0,-1.2157211789833666,0.0025786279253415057,0.017340982044367705,0.013395250107356324,-0.5,0.9871452089846932
0.055,-0.5,-0.5159499203782498,0.0002421209285365978,-0.04123331518082488,0.0012330024400405326,-0.5,0.9879720088911015
0.055,0.0,0.0,0.0,0.0,0.0,-0.5,0.9902139236879358
0.055,0.5,0.4814663355157805,0.000475114154874135,-0.050635530184527267,0.0024341215133761927,-0.5,0.9879027718552714
0.055,1.0,0.6610843959109023,0.0024665002110615783,0.25671833633069185,0.012779105413815337,-0.5,0.9867697327092224
0.055,1.5,0.6701046185604801,0.003954597791340304,0.4103872674280463,0.020451130587857365,-0.5,0.9865058096271142
0.06,-1.5,-2.3143705131489356,0.0012476101215255569,0.45898508214440403,0.00655160941266527,-0.5,0.9857049788654195
0.06,-1.0,-1.2864960288410388,0.00034910164277970337,0.2057772063902923,0.0018201087841112282,-0.5,0.9860137319251052
0.06,-0.5,-0.5312679038700133,0.0001347164112716277,-0.014369475114215107,0.0007073820482330727,-0.5,0.9883177622494415
0.06,0.0,0.0,0.0,0.0,0.0,-0.5,0.9890149171651442
0.06,0.5,0.45951653474607984,0.00011689698243055458,-0.0008582395407756323,0.0006113982151679699,-0.5,0.9879802506540162
0.06,1.0,0.6063995355883616,7.058939822761214e-5,0.40337931044881403,0.00037027404979728676,-0.5,0.9877407570055191
0.06,1.5,0.6243495894387097,0.0010335096971897807,0.5565895831751254,0.005387268018679995,-0.5,0.9876339655975817
0.065,-1.5,-2.3632241164105294,0.001542322644204092,0.5695333980888937,0.008081095182988664,-0.5,0.9838655144473349
0.065,-1.0,-1.3296870742304319,0.00034657678057688993,0.2939681281969583,0.001839963359622095,-0.5,0.9845640810834262
0.065,-0.5,-0.5514518336329484,0.0001815687987337664,0.03519408279781838,0.0009299358956105073,-0.5,0.9866978255771515
0.065,0.0,0.0,0.0,0.0,0.0,-0.5,0.98761266809619
0.065,0.5,0.43516465398059323,0.00018615379408154015,0.06278584178323612,0.0009547166755612592,-0.5,0.9859793506724607
0.065,1.0,0.5876536767087501,0.0014817635112459684,0.4173928429145092,0.007750457415305172,-0.5,0.9864524024355592
0.065,1.5,0.6192476250462631,0.0030192153066925303,0.5525119644226268,0.015800892175488225,-0.5,0.986063594667995
0.07,-1.5,-2.376716298494292,0.0035766090629004064,0.555549832402128,0.01898564586091688,-0.5,0.9840266605379209
0.07,-1.0,-1.3420089247354257,0.002212749980637557,0.27152067173684424,0.011531742713063536,-0.5,0.9836112416405427
0.07,-0.5,-0.5620778247634112,0.00032735437784332057,0.0459647571498296,0.0017160272701432096,-0.5,0.9826231939821712
0.07,0.0,0.0,0.0,0.0,0.0,-0.5,0.9841356034860205
0.07,0.5,0.4255063722945399,0.0005765257634276549,0.06808471767283229,0.003016139417983112,-0.5,0.9834084737264034
0.07,1.0,0.5972355465556634,0.0034848008962914487,0.3374555781999548,0.018158773386886085,-0.5,0.9842107980088418
0.07,1.5,0.6437855177669339,0.0052703840298407995,0.4502950333490636,0.027522592197812046,-0.5,0.9829353519942953
0.075,-1.5,-2.3764354596918027,0.004124987852622739,0.5123229770430057,0.021676810944948603,-0.5,0.9815442231880389
0.075,-1.0,-1.3452710733877857,0.0022618128224173757,0.2378350523884501,0.011931336534676054,-0.5,0.982335158566351
0.075,-0.5,-0.567813407802312,0.0006233640471457372,0.04540072327236461,0.003264294796224204,-0.5,0.9813906159151803
0.075,0.0,0.0,0.0,0.0,0.0,-0.5,0.981820974704862
0.075,0.5,0.4217218260375296,0.0004905091507313787,0.06032287708642607,0.0025920038603313403,-0.5,0.9818660872339632
0.075,1.0,0.6108417696325573,0.0031226932040630028,0.2681356251291923,0.016378737382605833,-0.5,0.9818920644194886
0.075,1.5,0.669550671966299,0.004726971255313765,0.37263920568964115,0.02473363797675757,-0.5,0.9817921827091004
0.045,-2.0,-3.329432846817306,0.002455268520145724,0.05517327910478673,0.01541115158895215,-0.5,0.9831192306947215
0.045,-1.8,-2.776016809607784,0.0002729959246191002,-0.06344921406328179,0.001697353352071285,-0.5,0.9841172910665624
0.045,-1.6,-2.3217536559680143,0.00040300781782636944,-0.03289554357290055,0.0025085673890877782,-0.5,0.9852598549571759
0.045,-1.4,-1.9055883465327148,0.00029835966782907437,-0.021146397724499576,0.001856902866080318,-0.5,0.9864423709883738
0.045,-1.2,-1.501308599361797,3.767445757506987e-6,-0.0567742918038785,2.3130096100783185e-5,-0.5,0.9897262523237421
0.045,-0.8,-0.8381122165151846,0.0006565093662501731,-0.0592385948800196,0.00401431089940834,-0.5,0.9907893744900036
0.045,-0.6,-0.6155320606306655,0.0002617787407047063,-0.017370214483542774,0.0016085605500495647,-0.5,0.9897742644621195
0.045,-0.4,-0.40563800696551583,7.141129596498175e-5,-0.006160260493106495,0.0004369540251596267,-0.5,0.9908835184787564
0.045,-0.2,-0.20139458531955784,4.4972151955733867e-5,-0.0007260766678496492,0.00027491364492869877,-0.5,0.9910552071353476
0.045,0.2,0.19868857835078216,1.583429495364043e-5,-0.0014040938334488003,9.696740884705702e-5,-0.5,0.9905380911409749
0.045,0.4,0.39413164035937087,0.00018594382279145462,-0.0073070694076142065,0.0011410583980219957,-0.5,0.9902934739585068
0.045,0.6,0.5834040120347088,0.00038995284267203436,-0.028877801910972258,0.002385505564212367,-0.5,0.9907786794093788
0.045,0.8,0.7485230727089156,0.0005287552789322063,-0.13087106735149084,0.0032454162451282667,-0.5,0.9897907099299442
0.045,1.2,0.7702477569125908,0.0009205734930248793,0.09433933322448665,0.00564725389959624,-0.5,0.9905361899681724
0.045,1.4,0.7731154321447523,0.001073956022037961,0.11704846943659639,0.00660447540747513,-0.5,0.9892848627021634
0.045,1.6,0.775414608557299,0.001160683093489549,0.12935811983759943,0.007140539885965138,-0.5,0.988984381666269
0.045,1.8,0.777648655163774,0.0013449282240057597,0.1347549470053959,0.008226717471066212,-0.5,0.9897684020657905
0.045,2.0,0.7790442989667925,0.0012164806476859602,0.14076213341310062,0.007500742015257501,-0.5,0.9883164696104038
0.06,-2.0,-3.6428047940062944,0.0002068961700154377,0.9063888710315138,0.0012919354978499279,-0.5,0.9874107499526577
0.06,-1.8,-3.065532788979356,0.00032357536509838397,0.6989648764353974,0.001989336436944998,-0.5,0.9904765385960951
0.06,-1.6,-2.5435372716424567,0.0001137044786736372,0.4898376556611318,0.0007026206991873234,-0.5,0.989344919388539
0.06,-1.4,-2.090411960385655,0.0003222844969138055,0.39440452057242104,0.0020022240152877168,-0.5,0.9886239623763957
0.06,-1.2,-1.6759974853502588,0.0002051988554721074,0.32094313245420214,0.0012676375620055986,-0.5,0.9907877889070854
0.06,-0.8,-0.9351951071635269,5.0858571219762585e-5,0.054757814342512756,0.000311467688230326,-0.5,0.9923941412720081
0.06,-0.6,-0.6517498483518731,0.0003984258867650491,-0.014024044454391276,0.002439901607502042,-0.5,0.9923749619278164
0.06,-0.4,-0.4177936254797584,0.00012317366472387896,-0.012022579913315356,0.0007577540041968007,-0.5,0.9917496298273007
0.06,-0.2,-0.20311281992754016,2.864346957845894e-5,-0.008097399090324302,0.0001760023904646943,-0.5,0.9924106322056385
0.06,0.2,0.19602820680501815,0.00012678137987727757,-0.004717069089899606,0.0007788842314102676,-0.5,0.992241639664784
0.06,0.4,0.3796809929975475,8.644584061439361e-5,-0.014463558594648047,0.0005299440039112208,-0.5,0.9920726816634744
0.06,0.6,0.5258215468148859,0.00027202831218347114,0.02953374051507959,0.0016712124614664166,-0.5,0.9916834830608792
0.06,0.8,0.5882694912370852,0.00019757079921145954,0.23498725830965117,0.001209645317367234,-0.5,0.9928654991712328
0.06,1.2,0.6175048755122128,0.0003796450124911772,0.47906604904472877,0.002327345182058816,-0.5,0.9916076537647437
0.06,1.4,0.6253783820004639,0.00021352411648078003,0.5176587748222095,0.0013144568588510886,-0.5,0.9917772332720716
0.06,1.6,0.6315602602044434,0.0004256745699299442,0.5385760279225156,0.0026212501111260132,-0.5,0.9909051215664443
0.06,1.8,0.6356544814285559,0.0005908652473346332,0.5556033234208012,0.003627840499732341,-0.5,0.9916809246982835
0.06,2.0,0.639323132108981,0.0006857151439912152,0.5653286371672928,0.004218458017761871,-0.5,0.9911396169032458
0.075,-2.0,-3.6859407589215594,0.004778102873220936,0.8312191217225315,0.029578945695235552,-0.5,0.9866782968268637
0.075,-1.8,-3.1232501758887627,0.0027860718143043446,0.6816789559919313,0.01742207002357367,-0.5,0.9876614469417028
0.075,-1.6,-2.6043308244660244,0.002985888072533462,0.5097154372863898,0.0186070219823556,-0.5,0.9853429162284858
0.075,-1.4,-2.1397230843436184,0.0017110902945405332,0.3853234477937767,0.010615792483921459,-0.5,0.9869955124665986
0.075,-1.2,-1.7203894864568874,0.0015326140759393408,0.28859592761047126,0.009518318725976381,-0.5,0.9868782928900915
0.075,-0.8,-0.9988441006181371,0.0008730990186555906,0.12123099685915117,0.005429451790783468,-0.5,0.9862201125109339
0.075,-0.6,-0.7001559312809729,0.0003940712482075319,0.055594102586440555,0.0024471683715645213,-0.5,0.9871069974084751
0.075,-0.4,-0.44066521564373506,0.0005668705618774583,0.021048846457029986,0.0035214925592693424,-0.5,0.9867241476474407
0.075,-0.2,-0.20957804630997862,0.0003322440708323814,0.004402696398582548,0.002075861411351021,-0.5,0.9860680806869124
0.075,0.2,0.18990497392712155,0.0003527159889711838,0.004435172433866077,0.00218447512809245,-0.5,0.98556580374241
0.075,0.4,0.35449425631457354,0.00034459888129799416,0.026058423768281304,0.0021386716418795603,-0.5,0.9870300994294544
0.075,0.6,0.4824360403014486,0.0007227595368075768,0.07637425749770319,0.0044937838992546554,-0.5,0.9870052425479318
0.075,0.8,0.5676884734146086,0.0010505805639922643,0.14819047107505418,0.006508433520596529,-0.5,0.9851623084133494
0.075,1.2,0.650368891288865,0.0016207964366655447,0.26553939866104087,0.010117637140253275,-0.5,0.9868571845564155
0.075,1.4,0.6728515793120164,0.0018906800574663217,0.2867920555325888,0.011776379007935971,-0.5,0.9867091217334514
0.075,1.6,0.6885957456499268,0.002549639013702913,0.30302492017282645,0.015850506349490957,-0.5,0.9859118241749549
0.075,1.8,0.6998313408704615,0.0022304267260965633,0.3173044785420718,0.013825378297786205,-0.5,0.9876956515286903
0.075,2.0,0.7089416528424811,0.0021616032566368366,0.32368808166689367,0.013491210795257925,-0.5,0.9865679597988509
